id_cliente,horas_consumo_mensual,gasto_mensual,cantidad_contenidos_vistos,sesiones_semana,porcentaje_finalizacion,tiempo_promedio_sesion_min,cantidad_generos_consumidos,porcentaje_uso_promociones,antiguedad_cliente_meses,edad,dispositivos_registrados,porcentaje_uso_app_movil,cantidad_perfiles_creados,interacciones_mensuales_soporte,distancia_promedio_red_km,cluster,pc1,pc2
1001,49,76,3,6,49,56,4,0.7855112476775208,28,52.0,2,0.29,5,3,34.1,1,-2.2354682917441338,-1.0491865139855974
1002,59,396,26,8,88,211,14,0.0156912762684531,76,69.0,3,0.47,5,4,2.4,2,3.516336568330286,-1.6240096578283583
1003,43,91,9,3,62,5,2,0.7491282365758885,15,51.0,1,0.78,1,7,63.6,1,-2.5600748530790094,-0.966902038043246
1004,51,77,8,4,62,5,4,0.5100177544559401,5,58.0,2,0.27,3,6,6.5,1,-2.127862034345064,-1.757800041288949
1005,36,212,74,7,51,85,5,0.4031384441857476,48,68.0,5,0.75,4,0,38.5,0,-0.2521662492243202,1.5294660756329985
1006,28,188,66,21,69,169,8,0.3814631437520095,31,64.0,1,0.88,1,4,45.3,0,0.8466628892344258,2.461418827652383
1007,30,295,40,11,75,92,8,0.2735406596951892,42,35.0,2,0.51,3,6,50.6,0,0.9014855483280586,0.5987095595375426
1008,39,495,14,4,71,299,14,0.1251719831428472,97,28.0,2,0.84,4,6,55.4,2,4.077146757352833,-1.4406001468957066
1009,49,30,5,4,13,20,4,0.7663349627364544,2,40.0,3,0.6,2,7,21.0,1,-3.345825733100707,-1.8325520925444099
1010,45,61,12,1,44,37,1,0.6867225060416018,11,65.0,3,0.67,3,3,1.8,1,-2.9678588934185415,-1.3686925224456847
1011,19,131,22,5,72,99,4,0.1826737439506981,48,39.0,5,0.57,5,6,58.2,0,-0.33355147599981333,0.33253721323596336
1012,42,261,23,2,98,154,11,0.0142377296920457,47,34.0,2,0.52,1,7,43.3,2,2.24095273588457,-1.4548505517701569
1013,58,339,39,2,88,224,11,0.0236329655243312,92,22.0,2,0.31,3,6,67.1,2,3.712157665243514,-1.5459714739416748
1014,32,194,48,8,64,80,7,0.2128138290285226,29,61.0,3,0.37,3,0,65.9,0,-0.06445849258978942,1.269905967874036
1015,19,271,54,21,74,171,6,0.2488072343171132,58,28.0,1,0.36,5,0,67.6,0,1.5147462811012729,2.987664700398089
1016,38,270,51,9,51,172,9,0.400348427116599,44,47.0,1,0.61,4,5,39.3,0,0.9231871569046394,0.37072688307543866
1017,17,224,49,21,88,121,6,0.4305829864430966,41,32.0,4,0.21,2,4,27.4,0,0.6178884245498134,2.151778313817438
1018,30,88,19,0,45,16,1,0.7432291858515583,12,44.0,3,0.93,5,2,63.5,1,-3.114989684133941,0.12651794084132037
1019,26,100,14,6,61,87,2,0.5791023273018796,21,52.0,4,0.75,2,7,36.7,1,-1.939889862416661,-0.2921646003504042
1020,19,218,31,24,60,159,7,0.4166316174903394,58,50.0,3,0.46,4,1,15.5,0,0.5741482994552668,2.1098568485431852
1021,31,34,3,6,38,79,2,0.781191166384481,9,37.0,5,0.24,3,7,68.5,1,-3.1359340805825617,-0.5413958778960477
1022,24,264,57,11,85,72,4,0.2586606407817007,46,33.0,2,0.89,2,2,70.7,0,0.6439260073995727,1.9651468092311357
1023,40,124,48,9,77,142,7,0.2482568588267563,36,51.0,5,0.84,1,4,37.8,0,0.5615553760963942,0.32781658214517256
1024,24,118,13,3,45,74,4,0.2501004300192013,29,19.0,3,0.75,1,1,7.0,1,-1.0137925799681957,-0.5563494431658813
1025,44,103,19,6,12,49,1,0.4431212520688503,26,52.0,2,0.34,5,2,31.6,1,-2.4459512732695368,-0.518955967285878
1026,49,566,18,7,70,250,13,0.0749741159047408,88,57.0,1,0.46,4,5,64.5,2,3.7803923397673698,-1.245841344370584
1027,39,175,52,10,92,65,4,0.1048617898759265,51,45.0,1,0.19,5,1,72.2,0,0.7556765529769462,1.374829606253486
1028,38,109,11,3,46,40,3,0.6172466738639886,25,64.0,4,0.27,5,0,17.1,1,-2.414595209647699,-0.5855705375052535
1029,35,76,9,0,23,19,3,0.7974988250176225,22,56.0,3,0.8,5,2,6.3,1,-3.261031250309529,-0.9496331964882055
1030,36,122,35,15,51,133,8,0.2822627011142852,47,23.0,3,0.74,1,7,70.3,0,0.5278851737003085,0.5723813133504165
1031,25,65,8,1,69,54,4,0.2466407821789909,9,26.0,1,0.63,1,1,31.8,1,-1.2860030458415117,-0.47628929675269993
1032,18,274,73,21,48,92,7,0.4255180078827795,47,37.0,5,0.91,5,5,43.8,0,0.34744957887637185,2.9494499926526694
1033,30,276,32,18,74,65,4,0.2666556230953917,24,18.0,2,0.62,1,7,77.5,0,0.16381126230497028,1.1228656667032935
1034,54,259,33,2,96,228,9,0.0052733948994504,72,25.0,5,0.52,4,6,6.3,2,2.965803077513142,-1.9901607462070503
1035,30,395,24,1,80,204,14,0.0761781713262043,61,40.0,5,0.41,5,1,52.2,2,2.61168399046798,-0.4803314167770014
1036,56,426,22,1,71,224,7,0.0267704237601266,60,20.0,1,0.95,1,1,6.9,2,2.741246442238585,-2.165902809545137
1037,30,174,25,21,44,154,7,0.4986547348295621,42,21.0,1,0.17,2,5,30.7,0,0.1136600102705465,0.8253537718691409
1038,19,172,56,14,49,142,3,0.1964339329318527,28,42.0,1,0.94,5,6,64.5,0,-0.15544066208912014,2.0910282495218873
1039,18,80,13,4,13,66,1,0.6030204106435141,2,64.0,4,0.84,5,2,35.2,1,-3.5888683298587405,0.4104465641693203
1040,45,101,7,1,67,38,2,0.6633910350413836,27,55.0,5,0.22,4,3,79.8,1,-2.3052144504839496,-0.8250061566273877
1041,32,131,20,16,44,153,8,0.4167271357878531,36,32.0,3,0.61,3,2,45.2,0,-0.12733445226516277,0.7330086210443587
1042,40,108,5,4,23,70,3,0.3277784969053464,6,38.0,2,0.88,3,6,26.4,1,-2.0424783278672747,-1.3890484416543083
1043,42,157,69,6,57,89,9,0.2749899688094916,53,52.0,4,0.61,4,4,18.4,0,0.6613742682160436,0.41946913728073926
1044,62,584,37,7,79,170,5,0.1899041247315284,43,63.0,3,0.92,4,7,28.7,2,2.0283916556158736,-1.5227975553224613
1045,24,264,29,21,59,147,7,0.4920130301141908,21,69.0,5,0.95,4,5,30.4,0,-0.3190259042778022,1.5171463177429543
1046,30,72,16,2,60,27,3,0.5508596635694922,11,31.0,1,0.48,3,2,6.4,1,-2.064355390946636,-0.5591601466012069
1047,36,263,27,8,79,63,3,0.4587153639624047,22,53.0,5,0.44,4,1,30.2,1,-0.8592004916496463,0.22223397930231803
1048,44,61,18,4,67,55,3,0.6930743821066696,18,29.0,2,0.94,1,5,37.7,1,-1.7400144061386165,-0.8832352084366
1049,45,71,6,0,14,16,2,0.7365303577375555,17,34.0,4,0.71,5,0,58.1,1,-3.3714113175042453,-0.8875292402457692
1050,28,164,46,13,65,106,3,0.3751138868384333,49,56.0,4,0.2,5,6,52.9,0,-0.40594250288260636,1.2465570137000526
1051,46,275,13,1,77,232,7,0.0369042038712754,54,26.0,2,0.14,2,7,57.0,2,1.9173263147454784,-1.9953458254215009
1052,51,263,35,7,83,249,14,0.0073366405781195,95,52.0,3,0.61,2,2,1.7,2,3.7811352597860672,-1.1299479508647805
1053,36,252,24,7,83,226,6,0.0894824733646909,74,30.0,3,0.94,5,5,18.2,2,2.1288739475409524,-0.6365060931203476
1054,44,441,34,7,74,147,14,0.1127930184037672,56,32.0,4,0.86,1,7,53.3,2,2.779881261066785,-0.9067177932002002
1055,39,119,12,0,26,17,4,0.4843819648583337,10,35.0,4,0.71,3,2,39.2,1,-2.4594883232873817,-1.0248390631726192
1056,32,482,22,2,84,230,10,0.1173682236041758,47,68.0,1,0.23,3,5,1.4,2,2.3516274824922667,-1.3648491435954782
1057,22,232,63,23,81,100,7,0.245232918559454,45,50.0,3,0.33,1,1,64.6,0,1.012512759383653,3.1230942087154503
1058,16,178,64,10,76,92,7,0.1407129890481615,25,23.0,2,0.89,3,0,62.1,0,0.6190144676767777,2.463169578632839
1059,20,231,23,15,69,154,9,0.4369256141192726,22,44.0,3,0.26,4,0,44.3,0,0.1087855248536214,1.41489226565566
1060,33,150,59,9,75,83,9,0.4586441051896083,39,40.0,1,0.35,5,4,6.3,0,0.39902571809159526,0.7943320364679042
1061,45,104,4,6,15,55,2,0.7576255934765517,15,44.0,4,0.22,5,5,61.6,1,-3.1734005747575185,-0.9406187249405257
1062,25,255,45,23,84,103,7,0.1748174994230093,23,51.0,4,0.71,1,2,47.1,0,0.7838738849278174,2.3068903679948374
1063,48,461,10,4,86,259,5,0.1221240084883265,77,63.0,1,0.95,3,0,62.8,2,2.5213031679245668,-0.9670363432331651
1064,54,40,4,4,52,7,1,0.4215382889059377,24,55.0,2,0.34,2,6,60.4,1,-2.2757515548727993,-1.5010761377387287
1065,24,124,42,14,83,61,7,0.3738286191519333,39,31.0,4,0.53,2,0,64.4,0,0.013670823665820054,1.9574502278914487
1066,18,92,5,0,26,13,3,0.4838997206311354,6,53.0,5,0.67,3,3,41.9,1,-3.2307057838492432,-0.3219790711579079
1067,37,282,49,21,44,121,6,0.486010764266605,33,25.0,4,1.0,2,3,12.1,0,0.24722207341193708,1.2324790128184888
1068,40,386,11,3,72,120,12,0.1443193101502554,99,52.0,5,0.19,1,0,54.0,2,2.245037305331881,-1.0406626610309857
1069,43,191,30,13,76,73,6,0.1654623771462818,40,36.0,1,0.55,1,5,50.0,0,0.6317893309311075,0.09145396657071188
1070,34,588,36,4,94,161,13,0.1365964126834264,47,47.0,1,0.45,3,4,59.6,2,3.0302253258409237,-0.28746603250267927
1071,43,537,28,6,70,142,5,0.0464425390293634,72,31.0,4,0.88,2,0,14.4,2,2.2587474236093876,-0.826759113162723
1072,29,172,59,12,90,98,5,0.272611257254577,22,37.0,3,0.53,1,1,16.4,0,0.38991507122489805,1.3919176043568893
1073,21,298,27,14,91,74,9,0.3480291023714054,49,66.0,5,0.2,1,7,71.3,0,0.5759111554960675,0.9873916456401284
1074,56,406,15,9,70,274,11,0.0286255971096939,43,42.0,2,0.67,4,2,60.2,2,2.813833223456695,-1.1249868110913306
1075,39,95,10,4,68,78,1,0.261749618446487,13,57.0,4,0.79,4,4,72.8,1,-1.6220437182241052,-0.38213428544521844
1076,48,76,4,4,33,56,4,0.5013730084775181,8,41.0,2,0.1,1,1,60.9,1,-2.245599059570959,-1.0863541257919997
1077,34,406,24,4,81,292,6,0.0024406144636089,90,31.0,4,0.87,3,4,48.2,2,3.124204413823965,-0.7771599636177855
1078,33,283,55,15,66,128,6,0.1726390867205702,29,43.0,3,0.27,5,1,52.7,0,0.7376782910477496,1.6946622751595322
1079,23,101,15,1,55,16,2,0.5517378992100784,18,55.0,3,0.6,5,2,71.2,1,-2.6187821068888133,0.41777451576930524
1080,39,230,59,15,51,167,6,0.4675002089042986,24,40.0,3,0.47,1,2,46.7,0,0.2046720257306479,1.2568383220935098
1081,37,376,19,1,97,150,14,0.0137843078734437,90,39.0,3,0.75,1,3,51.0,2,3.3391989906561563,-1.0974038873091028
1082,46,107,8,0,31,15,3,0.2736864691074403,5,65.0,1,0.43,1,5,13.4,1,-2.2805916615324335,-1.9307150000039455
1083,35,209,65,8,93,146,3,0.2328585650619755,59,36.0,1,0.88,3,1,38.4,0,1.3492873237583056,1.2836807143860607
1084,29,268,66,13,92,68,4,0.4211413794392046,45,63.0,5,0.76,4,7,57.6,0,0.22837486787541378,1.783902859055268
1085,23,154,71,15,77,61,9,0.2387812807584911,53,68.0,2,0.68,1,3,22.4,0,0.8371494245243675,2.2130154729146567
1086,41,136,62,16,90,113,3,0.2993471090957919,25,20.0,4,0.82,1,1,17.0,0,0.512319857839048,1.3332410001111272
1087,41,62,17,4,52,26,2,0.2078566739530002,21,59.0,4,0.78,2,3,25.8,1,-1.7380852693763613,-0.7388382668543333
1088,24,110,9,0,29,67,1,0.3106777228513137,7,36.0,1,0.13,3,2,20.1,1,-2.36646238535806,-0.7697169943657637
1089,30,473,22,7,88,242,12,0.1796108578881427,71,26.0,4,0.46,1,4,18.0,2,3.2616477109329973,-0.8791934863085759
1090,47,58,17,4,38,34,4,0.5389046799575699,18,45.0,1,0.94,2,6,34.6,1,-2.006045533445428,-1.125124036047622
1091,15,197,70,19,89,125,8,0.2763050987752913,69,37.0,5,0.21,5,3,72.7,0,1.4706719824915653,3.239146843687543
1092,47,67,19,6,13,5,4,0.7170713726081104,7,62.0,2,0.76,1,1,41.1,1,-3.1576495815684575,-0.41766007269134997
1093,32,537,19,3,83,281,5,0.0050772711320689,67,24.0,5,0.98,1,1,15.8,2,2.971086209716722,-1.1456185720311212
1094,49,79,7,4,17,69,1,0.3331832971597697,24,31.0,3,0.15,2,6,7.1,1,-2.059075728306971,-2.107443679012045
1095,52,504,38,8,91,186,7,0.1305492215703749,86,26.0,3,0.71,3,5,56.0,2,3.2687809030904456,-0.7574203289205836
1096,25,63,3,7,33,82,4,0.7134178808637714,11,36.0,3,0.52,1,7,31.2,1,-2.597437233249534,-0.6665676624994832
1097,33,97,5,5,30,18,3,0.3943940366640798,18,64.0,5,0.62,5,2,65.9,1,-2.6842343631035592,-0.07117022652906693
1098,24,103,7,0,32,89,3,0.2736661337976251,19,69.0,4,0.18,1,1,53.1,1,-2.1648446227935576,-0.46593910549086887
1099,18,148,79,22,41,60,9,0.3499045084173005,30,31.0,2,0.14,5,0,63.9,0,-0.04328463724196445,3.811616593907961
1100,24,249,22,16,59,64,7,0.2637646608764962,49,55.0,3,0.7,4,4,22.5,0,0.07230897802067292,0.885582836451691
1101,23,172,63,7,91,145,6,0.156045270306581,29,53.0,3,0.84,4,3,55.7,0,0.7685267065771162,1.6922103759028047
1102,47,88,14,6,41,85,2,0.2134815849920704,14,57.0,3,0.8,5,5,21.9,1,-1.5536203115065332,-1.0582107691083422
1103,23,159,21,17,64,162,3,0.1557424296291296,62,34.0,2,0.59,3,7,75.2,0,0.5329245420335013,1.0897806140973225
1104,21,55,13,1,32,41,3,0.6935503255470045,21,47.0,3,0.19,1,6,51.3,1,-2.9742705382120307,-0.44431081188679694
1105,63,266,14,9,75,241,11,0.0213157460257348,61,26.0,2,0.72,1,4,26.6,2,2.9465887360766856,-2.005016939292117
1106,35,146,76,10,66,99,4,0.3402067441734613,26,50.0,3,0.32,4,2,22.3,0,-0.19918136628725414,1.5141164182655193
1107,27,74,17,1,30,66,2,0.4532216357304124,2,69.0,5,0.92,5,5,16.1,1,-2.921896821058151,-0.5537508909945813
1108,30,556,30,4,88,145,9,0.1674157981406059,50,42.0,5,0.85,1,7,55.9,2,2.1653468695803832,-0.629201544707684
1109,18,232,78,11,79,158,8,0.2904201608796398,66,31.0,2,0.74,1,3,18.3,0,1.851316323864509,1.9332421268985638
1110,38,269,24,5,75,170,6,0.1648055511566338,62,28.0,5,0.95,3,3,48.0,2,1.3416807644412023,-0.5085451141874922
1111,31,228,62,6,48,85,4,0.1426393012535087,28,52.0,2,0.13,2,6,21.9,0,-0.16233026180042498,0.3553423756434256
1112,22,136,20,15,79,101,3,0.1985608132956427,22,58.0,5,0.76,4,0,53.3,0,-0.6895462276118587,1.6165637645513726
1113,59,351,11,3,74,163,5,0.0273637261837922,49,31.0,5,0.4,4,6,65.4,2,1.3967270691356137,-2.094519759250488
1114,41,567,25,8,88,127,9,0.1518071691077699,76,47.0,2,0.92,2,2,62.5,2,2.7465569553252394,-0.21880833362967642
1115,33,99,8,0,27,16,3,0.6159051268741549,9,58.0,4,0.34,1,5,61.1,1,-3.182136187976658,-0.9489420041875841
1116,55,296,19,7,86,270,14,0.1135890461105259,97,21.0,5,0.75,3,5,15.8,2,3.919641019607183,-1.9371939046001776
1117,36,519,24,5,76,256,7,0.1848792390753061,89,21.0,3,0.89,3,1,8.0,2,3.146019403840657,-0.944477309555358
1118,41,201,50,24,78,158,4,0.3089738304284676,58,45.0,4,0.14,4,0,56.2,0,1.0039041795051282,2.1605850819444066
1119,46,263,33,3,81,164,6,0.1769996713046562,82,25.0,2,0.46,3,0,30.1,2,1.9486444452817298,-0.7127180827759406
1120,43,84,12,6,24,8,1,0.596993105048325,13,19.0,4,0.79,2,5,35.2,1,-2.800929714382207,-0.9861607465347028
1121,47,410,25,2,92,289,6,0.0042538821700774,94,58.0,1,0.51,1,5,3.5,2,3.4387950283620126,-1.9680363497282158
1122,42,390,27,3,96,158,8,0.0105367671954457,88,63.0,1,0.34,2,4,21.5,2,2.7468519896537478,-1.161330934912843
1123,43,181,72,16,55,115,6,0.4936333876797181,29,39.0,5,0.3,5,7,3.7,0,-0.013797090614945759,0.8763337626438255
1124,44,272,58,24,44,124,8,0.1013385448171916,64,58.0,5,0.22,4,4,70.5,0,1.3430049822877077,1.8716265926733795
1125,28,239,49,22,43,77,8,0.3356434137883579,67,33.0,3,0.87,3,4,20.2,0,0.760931382869319,1.7629832652422972
1126,18,82,14,6,18,19,1,0.4349780843242137,4,46.0,4,0.62,5,0,45.0,1,-3.2785575850737425,0.8014486246989379
1127,41,436,35,5,98,290,10,0.1964661030160163,85,66.0,1,0.17,3,1,4.1,2,3.513107105880392,-0.7640366987382646
1128,53,260,39,2,94,171,8,0.0463343402766886,59,65.0,5,0.44,1,3,53.7,2,1.9381265439627304,-0.9784037873429079
1129,43,182,73,23,84,169,4,0.1187781428591252,45,47.0,4,0.43,1,4,26.5,0,1.5635107391216732,1.8284844794689235
1130,20,35,5,4,63,51,3,0.7302715309780554,3,29.0,5,0.26,1,1,71.9,1,-2.8429554468422364,0.31701872884912274
1131,37,90,10,2,59,86,2,0.7978014654840346,3,52.0,5,0.49,3,6,71.2,1,-2.7816248393019376,-0.7205415517556047
1132,17,132,75,19,64,132,6,0.3320344831351245,53,28.0,1,0.4,5,2,26.7,0,0.7618655054879295,3.005532718355095
1133,25,224,75,7,67,88,3,0.1177506654132947,53,63.0,1,0.41,1,4,72.2,0,0.46935205199921987,1.8116678771754378
1134,26,289,28,19,79,84,7,0.3940850618093811,53,67.0,5,0.77,5,6,79.7,0,0.3017250899511839,1.7102198340112134
1135,53,373,24,6,77,252,14,0.1065205038801524,76,38.0,2,0.3,3,3,66.2,2,3.447873814660371,-1.150467832526507
1136,42,295,32,9,52,140,4,0.2980586108055897,51,38.0,5,0.68,5,2,67.7,0,0.2839575532326755,0.26059235365018857
1137,46,87,3,7,49,44,3,0.7186957281844091,1,22.0,5,0.61,3,2,20.7,1,-2.5129009900169623,-1.0796500716512427
1138,23,117,19,7,49,63,3,0.2962400631980433,13,65.0,3,0.61,3,3,46.6,1,-1.8158072840017105,0.5049469206067144
1139,42,82,10,3,36,42,4,0.2951630631758442,11,37.0,3,0.7,4,4,6.3,1,-1.8018894907254863,-1.387645907550387
1140,60,272,19,5,99,158,6,0.1635934048238124,53,54.0,3,0.59,3,0,8.5,2,1.6072268242904726,-1.51337056471134
1141,42,261,16,2,82,165,5,0.1119688624617659,79,20.0,2,0.89,3,3,79.9,2,1.716693952124633,-0.7929130022999819
1142,16,207,64,7,87,129,5,0.4044111610008112,29,61.0,2,0.71,2,3,26.8,0,0.13301133281556862,1.6968801125426176
1143,49,92,15,5,46,26,4,0.3042520851845401,4,50.0,5,0.59,1,3,60.1,1,-1.8932057988647801,-0.8597197708427342
1144,32,187,46,21,51,81,3,0.3328681840705093,20,26.0,3,0.85,4,2,64.7,0,-0.5535219431066613,2.200328348435802
1145,36,239,78,22,89,73,9,0.4875511421142766,55,26.0,2,0.65,4,7,68.8,0,1.4848549361176162,2.5597519252705436
1146,41,299,31,11,68,70,3,0.2294440876598165,34,21.0,1,0.36,4,1,79.8,0,0.1972162387227432,0.6807602258143114
1147,49,80,11,1,32,30,2,0.3641759997689995,29,52.0,5,0.29,2,6,20.1,1,-2.164912479855192,-1.9864845150822228
1148,21,110,3,4,50,43,3,0.6768857292499577,29,34.0,4,0.24,3,0,4.2,1,-2.337331911742858,-0.3331680296358794
1149,25,235,51,6,86,137,6,0.3618044857124541,46,51.0,5,0.91,1,4,33.5,0,0.6368921641631802,0.7116939330853947
1150,17,200,63,19,55,160,5,0.4858081889080834,38,41.0,4,0.74,5,4,11.3,0,0.04277061527571177,2.3663928939789156
1151,34,506,35,6,84,281,7,0.0062268165769022,64,49.0,3,0.94,3,6,2.8,2,3.173523743242387,-0.8975558653909784
1152,38,131,37,19,83,139,5,0.4872773711658887,65,18.0,4,0.64,2,1,29.5,0,0.8030672581314543,1.16277771042338
1153,39,264,48,12,54,86,8,0.3121417574913024,26,25.0,3,0.53,3,3,62.9,0,0.3558785244130083,0.8474129488716355
1154,20,93,12,4,33,64,2,0.5699901887124429,14,62.0,1,0.15,3,7,45.7,1,-2.778766605466788,-0.1945191419482226
1155,44,402,39,7,86,245,8,0.0860611789798925,77,40.0,4,0.7,2,0,25.7,2,3.070755868730095,-0.3738296505455146
1156,30,182,41,6,63,131,5,0.4937405629611616,36,64.0,5,0.62,4,4,52.7,0,-0.6426948967199445,0.609338101572505
1157,25,50,18,5,27,42,4,0.594190314538696,25,57.0,3,0.99,4,6,19.3,1,-2.5584782583309686,-0.16306507393738143
1158,62,351,18,8,80,298,12,0.029184414807029,51,29.0,5,0.32,1,5,2.1,2,3.343878888963386,-2.5125541275253
1159,39,165,51,19,55,113,8,0.1841398319675474,52,29.0,2,0.58,1,7,61.4,0,1.0930562095059844,1.1114259878200206
1160,27,69,18,3,42,6,1,0.2527198994869,13,63.0,3,0.69,4,6,50.3,1,-2.527031444671082,-0.12049517183777571
1161,47,62,13,3,35,26,3,0.2796294524258362,7,64.0,4,0.68,5,7,61.2,1,-2.365555955288584,-1.071278717566152
1162,43,75,18,6,43,48,1,0.7709299846131963,29,32.0,3,0.61,3,4,4.1,1,-2.366466215803598,-0.9158440366060362
1163,20,35,9,5,18,36,1,0.6254363116705499,8,58.0,5,0.8,5,3,67.1,1,-3.7690779986841356,0.5724631241171813
1164,25,79,15,2,16,79,4,0.5318008715551752,6,36.0,1,0.28,3,5,49.9,1,-2.569908669157946,-0.43247895408557935
1165,40,141,45,7,80,119,4,0.2754428865958154,37,43.0,3,0.75,4,1,45.5,0,0.1786272272850767,0.6142412331308019
1166,41,336,21,9,82,241,7,0.1951730511638262,75,69.0,4,0.66,1,0,50.3,2,2.049543934909926,-0.16259409789751755
1167,27,255,48,23,83,141,8,0.3876807113089056,41,46.0,2,0.91,1,1,69.3,0,1.1641825313442489,2.650801096274158
1168,19,215,75,13,42,87,4,0.2613045444495327,48,39.0,1,0.86,5,1,47.4,0,0.06862133679895868,2.7538426673074836
1169,36,216,26,16,88,153,7,0.3908676279065232,43,57.0,2,0.38,1,6,46.9,0,0.7847731479953663,0.41630251809145924
1170,37,66,4,3,53,24,4,0.2240655148474895,17,38.0,3,0.35,4,7,79.3,1,-1.7044200981976592,-0.8832993786446389
1171,49,65,2,7,45,70,3,0.7404211184067553,6,68.0,5,0.98,5,0,60.8,1,-2.855394829217652,-0.329944610602177
1172,21,289,70,23,93,71,5,0.3491866334253931,59,55.0,5,0.57,3,0,35.9,0,0.971948192167527,3.336568501822581
1173,38,44,1,2,35,12,4,0.7454195123993848,23,37.0,4,0.92,1,4,56.9,1,-2.8575292421367093,-1.0082272925170146
1174,24,291,33,18,41,178,7,0.4417540373478317,64,46.0,5,0.25,2,4,31.7,0,0.5420421537149087,1.0099502724230167
1175,31,118,2,6,15,21,3,0.3872888340178683,28,68.0,1,0.68,1,0,19.1,1,-2.443501642338819,-0.42706280102288313
1176,16,282,56,9,40,99,6,0.1523494642873399,64,21.0,5,0.83,3,5,48.2,0,0.6750013021870873,1.3174525739392258
1177,40,76,11,1,12,18,4,0.5118643691336107,10,24.0,4,0.95,5,2,74.3,1,-2.780128559323029,-0.5598626615607969
1178,29,30,5,3,17,47,4,0.6240663301312676,22,45.0,3,0.4,3,4,74.4,1,-2.97303751960959,-0.3273313567418223
1179,49,533,34,5,84,284,5,0.1688340897938394,83,45.0,3,0.75,2,2,28.0,2,3.1935945048266796,-1.0946879104878269
1180,38,275,66,19,45,167,5,0.1447678477590911,69,21.0,5,0.58,4,6,42.7,0,1.5643268774654624,1.3488948806207122
1181,28,249,28,9,59,85,7,0.3560011867347655,54,39.0,2,0.15,1,5,17.7,0,0.26146339656648987,-0.16603009723854756
1182,20,178,24,5,88,110,8,0.3752831463466382,39,29.0,3,0.72,5,0,79.7,0,0.24129769471572768,1.124333124276067
1183,53,500,20,2,94,169,13,0.1160224459390936,95,62.0,5,0.72,4,5,78.5,2,3.365849912891312,-1.4485571835893545
1184,52,543,29,7,99,164,8,0.1409361525473293,81,20.0,4,0.94,3,4,52.3,2,3.323905268639202,-1.0121066901611657
1185,42,238,27,22,60,60,9,0.3690408472900505,51,39.0,5,0.55,5,1,64.5,0,0.421479491746703,1.422099733511701
1186,22,115,15,1,10,59,3,0.766768531684414,10,61.0,3,0.31,4,6,57.5,1,-3.493851675856685,-0.253640706317294
1187,59,363,27,1,95,255,12,0.1537038729047582,66,19.0,4,0.14,5,0,47.9,2,3.30653024234869,-1.618865792867993
1188,25,118,14,3,42,5,3,0.7645252138028391,14,41.0,5,0.47,2,3,5.2,1,-2.9564681635924828,-0.5157505614860907
1189,22,119,2,1,15,67,1,0.7198632005165873,25,51.0,1,0.37,2,6,36.9,1,-3.157842115078612,-0.8794991444460057
1190,30,132,28,17,70,164,5,0.4514062245205391,57,44.0,4,0.78,1,7,54.3,0,0.2545643240964894,0.8009293128322372
1191,28,251,57,23,45,157,4,0.451156463616531,42,58.0,1,0.42,1,2,54.5,0,0.11847974184562927,2.5162019594449885
1192,48,580,10,8,99,173,11,0.0011517320996243,54,18.0,2,0.95,2,5,30.5,2,3.556773135497734,-1.664271077469456
1193,30,325,35,7,84,268,7,0.0777116202540691,64,25.0,4,0.97,5,0,75.4,2,2.4900114401494893,0.7706862682687705
1194,50,78,17,2,53,15,3,0.3010666310856318,14,40.0,1,0.66,2,6,14.2,1,-1.541384668709638,-1.691030400736254
1195,24,293,28,7,60,85,4,0.2916727510518924,48,55.0,3,0.94,1,5,40.5,0,-0.1274594756192034,0.22595833369857213
1196,40,272,31,9,73,107,7,0.1984278635191993,55,23.0,3,0.78,2,0,55.6,0,1.1932263324780712,0.28339489935290496
1197,32,72,16,6,15,50,2,0.6292945442595648,11,39.0,2,0.59,2,4,56.1,1,-2.942202870416722,-0.11934264405895315
1198,50,356,32,5,97,262,13,0.1309386162862696,90,42.0,4,0.26,5,6,52.2,2,3.7300217098406607,-1.1778263135615248
1199,44,573,30,6,88,153,8,0.0513553135441015,91,35.0,4,0.51,4,4,22.7,2,3.245140909000412,-1.0741827554579373
1200,56,406,24,3,77,263,14,0.1220667566621836,57,34.0,4,0.6,1,6,13.3,2,3.333052436164409,-2.4476141568503267
1201,19,78,13,3,35,79,3,0.6086707123789897,10,29.0,2,0.88,5,4,51.2,1,-2.4901755099456264,0.1944511083292289
1202,21,260,50,11,88,101,7,0.2026251134805455,55,23.0,4,0.53,2,7,48.3,0,1.306371019250851,1.028089516553821
1203,34,237,26,5,83,179,7,0.3532605502376089,32,43.0,3,0.91,2,5,15.2,0,0.7292042739697915,-0.6727188900226438
1204,51,367,30,6,97,256,14,0.0424089679816453,49,44.0,1,0.71,4,3,56.7,2,3.512439678297956,-0.7878403748932443
1205,41,71,8,7,25,53,2,0.3533869986855634,4,25.0,3,0.22,1,6,37.0,1,-2.2800144465898544,-1.2037305317885814
1206,32,271,38,8,78,133,3,0.1382141255338672,55,36.0,3,1.0,1,7,53.8,0,0.9693051337048677,0.11575756899366704
1207,24,188,66,21,74,167,4,0.2891567862532729,40,59.0,1,0.57,3,6,67.2,0,0.6768967521554696,2.716511042666411
1208,34,51,16,4,24,39,4,0.3237116987110559,11,18.0,3,0.45,1,4,14.4,1,-1.9858531185791035,-1.0013187967824393
1209,24,197,32,6,74,66,7,0.3703364980349504,61,46.0,2,0.69,4,0,2.5,0,0.24314402031203033,0.5138139253789121
1210,36,244,58,13,88,134,9,0.2364360097896882,65,62.0,1,0.2,3,6,62.5,0,1.7847326074048435,1.1742430770099481
1211,36,97,6,1,41,43,1,0.2476516213933919,8,66.0,3,0.67,3,7,49.2,1,-2.394356527808878,-1.182105524860501
1212,54,65,3,0,17,74,1,0.5702934700373882,13,52.0,5,0.55,2,4,56.3,1,-2.98971930909918,-1.915710844536198
1213,19,89,5,3,36,36,1,0.3626884619001109,8,57.0,3,0.47,2,1,67.2,1,-2.8655872451375357,0.2896946876887352
1214,32,186,73,16,42,145,8,0.1209355503146033,63,31.0,2,0.96,1,4,64.4,0,1.4931266943650223,1.976525980725276
1215,19,110,3,1,32,34,4,0.2360854055604711,12,52.0,4,0.57,3,5,76.9,1,-2.331378907352923,-0.2559756162310086
1216,40,155,24,17,68,90,9,0.1803734754636226,35,65.0,3,0.3,2,3,43.3,0,0.35009811224062115,0.5622574473213857
1217,24,277,76,20,51,76,6,0.4924945497377215,22,62.0,4,0.51,4,1,39.6,0,-0.4146363403383262,3.0647509181080084
1218,33,59,13,6,37,9,4,0.7562005807545773,12,37.0,5,0.93,2,5,32.7,1,-2.8952794175893564,-0.4340924236800648
1219,18,59,6,5,27,76,3,0.7188117152201243,21,66.0,3,0.26,2,5,13.1,1,-3.0488925777277487,-0.3564759600666581
1220,45,287,29,2,98,261,8,0.0606256711890657,89,30.0,1,0.29,3,5,46.2,2,3.2354444444578316,-1.2742196504718908
1221,19,114,2,2,66,77,1,0.3833145863948142,20,55.0,4,0.11,3,0,22.9,1,-2.0266810044423056,-0.24834601798504666
1222,40,55,4,1,64,10,3,0.6717655740542567,15,66.0,5,0.11,5,5,73.8,1,-2.9095421303306903,-0.8084481974596032
1223,36,179,56,24,81,71,9,0.2588715109716844,57,63.0,1,0.85,4,0,47.1,0,1.2216242198055673,2.746202985475009
1224,35,74,3,5,33,34,2,0.6835552400705728,16,66.0,1,0.76,3,5,47.8,1,-3.0283330276104397,-0.5588606162450805
1225,21,299,33,13,54,80,5,0.1694098059946034,21,25.0,1,0.42,1,2,29.0,0,0.0667543595486047,0.9404585636060023
1226,17,139,37,14,64,125,3,0.2917417760551407,52,60.0,1,0.73,4,7,5.1,0,-0.16145798308888654,1.0831759357782815
1227,60,519,10,6,83,244,8,0.1005132152926884,80,37.0,3,0.46,4,1,3.5,2,3.2817401842415443,-2.2140846355919366
1228,23,54,13,4,43,12,1,0.2154871441696922,25,50.0,3,0.96,3,2,34.4,1,-2.1762815843105408,0.14610161482283224
1229,44,317,22,4,87,179,10,6.650122409788129e-05,82,43.0,3,0.97,4,5,7.7,2,2.791637076538304,-1.4270089345368207
1230,19,89,19,6,60,9,3,0.3150694733551163,25,56.0,5,0.45,3,1,48.9,1,-1.9445557921807035,0.7950994706432902
1231,31,516,27,8,84,202,13,0.0284498737374392,48,38.0,5,0.87,2,1,70.6,2,2.997425410084296,0.2042149176202795
1232,45,91,14,2,16,84,4,0.2373750788780376,4,66.0,5,0.8,5,6,70.8,1,-2.229904353603407,-1.0119926790603948
1233,21,69,17,4,48,56,1,0.5743375017749832,28,59.0,2,0.38,2,3,53.1,1,-2.4825445550529945,0.362051458948613
1234,54,92,3,6,36,18,3,0.6401686283368413,22,60.0,5,0.31,3,2,17.7,1,-2.631665760214069,-1.472664662585925
1235,19,249,46,10,54,80,4,0.3723899308952978,58,58.0,3,0.51,3,3,69.2,0,-0.321616003564124,1.6903664725442127
1236,22,94,13,4,35,89,1,0.6809222671297939,13,26.0,3,0.8,2,1,71.0,1,-2.6512294853204352,0.443935588339851
1237,18,258,40,24,94,176,4,0.1508799050749798,53,41.0,2,0.96,1,0,16.5,0,1.6370726398217839,2.427398723236248
1238,34,231,79,22,79,158,3,0.3456325244738945,48,54.0,2,0.79,1,1,59.3,0,1.0507787718909034,3.013682511824461
1239,38,71,13,0,50,68,1,0.5952152877244662,9,66.0,5,0.87,1,3,23.6,1,-2.711299956205339,-1.0653241713517267
1240,15,249,79,20,68,156,4,0.4721275539351295,59,58.0,4,0.64,3,2,64.4,0,0.5591504862653092,3.6057047577196255
1241,50,533,20,7,71,127,10,0.1273339364334414,54,34.0,2,0.85,4,5,79.8,2,2.2827709937631284,-0.8967352759483883
1242,46,592,33,3,74,279,5,0.0886546174887236,47,41.0,1,0.81,3,6,3.4,2,2.801959875849163,-1.7609141168039817
1243,42,449,34,7,80,248,7,0.0142513455530517,63,38.0,3,0.44,4,6,71.9,2,2.7869330650625526,-0.4962711499488059
1244,34,34,8,1,40,15,4,0.6647921187087091,7,68.0,1,0.6,2,6,50.2,1,-3.063283072710991,-0.8221831732522606
1245,33,147,70,15,44,64,8,0.432213782561936,27,56.0,3,0.82,5,5,77.9,0,-0.5016816455468168,2.278823678371713
1246,39,287,24,1,77,223,13,0.1951981699197585,54,58.0,3,0.14,4,6,37.7,2,2.006495482852212,-1.3418146131449875
1247,20,78,4,5,13,82,1,0.5863425521246785,26,56.0,2,0.83,1,2,67.9,1,-2.9721235584531454,0.28163000595197435
1248,39,398,13,8,71,237,9,0.1840594362438815,55,30.0,2,0.26,3,5,5.9,2,2.22484077787714,-1.4385249026712172
1249,61,537,37,2,80,129,5,0.1856167280652099,94,28.0,1,0.56,2,6,27.5,2,2.7894203998591123,-2.0434958437984454
1250,38,402,17,9,87,141,8,0.0481385423665009,60,63.0,3,0.83,1,5,6.3,2,2.0006868108945404,-0.9620616687578021
1251,26,151,70,18,88,179,7,0.214362715695664,51,36.0,1,0.33,2,3,78.1,0,1.6719291253209423,2.6717021421882112
1252,47,68,17,3,50,51,2,0.5816424582378952,21,28.0,4,0.32,5,7,65.5,1,-2.1074807448368973,-1.0471340057955285
1253,37,551,17,7,92,205,10,0.1969339479049016,61,30.0,1,0.46,3,7,68.4,2,2.955047814475476,-0.8770272400380775
1254,42,148,32,22,41,88,7,0.3903919639941182,46,63.0,5,0.91,3,2,75.1,0,-0.39570565407377406,1.6391518842954917
1255,32,214,34,23,62,147,6,0.3931206179065002,62,62.0,1,0.1,5,4,7.7,0,0.6339228798653517,1.3093022401858105
1256,54,90,1,7,12,67,2,0.5390131957154097,29,18.0,5,0.91,3,0,31.5,1,-2.1942925505110784,-1.3121654012354698
1257,59,544,21,9,74,230,12,0.0923114948839579,55,57.0,5,0.24,4,6,6.6,2,3.0751314819464644,-2.1018931413755264
1258,25,30,12,4,12,69,4,0.2595068597523295,10,61.0,5,0.99,2,0,17.7,1,-2.523450151290945,-0.13010078234688013
1259,51,118,10,4,55,31,2,0.4132307412114437,13,36.0,4,0.96,1,5,19.1,1,-1.7185152265567163,-1.671314591612406
1260,23,283,41,14,65,117,8,0.4330721877388173,33,29.0,1,0.55,5,0,38.1,0,0.47500094921062197,1.6837280167282753
1261,31,63,11,7,60,74,4,0.5012301280930683,26,25.0,1,0.56,4,2,22.2,1,-1.3324160444623887,-0.17230987248710183
1262,33,360,38,4,89,257,12,0.0434418195382421,65,25.0,4,0.53,1,2,9.0,2,3.3589986610480893,-0.708233219334982
1263,19,173,59,11,60,133,8,0.1667540471419483,64,62.0,3,0.67,1,1,14.2,0,0.9785003521345282,1.619654200548479
1264,37,46,7,3,38,18,3,0.238912156689781,16,29.0,2,0.18,5,7,12.6,1,-1.9789577534382177,-1.4703747187377458
1265,33,503,33,2,99,201,7,0.0539641440256428,99,65.0,1,0.13,4,6,77.9,2,3.1060511771568837,-0.38559541753254933
1266,36,78,14,2,31,28,1,0.6475551252882048,26,50.0,2,0.15,1,1,61.0,1,-2.869036322624855,-0.38154422778612257
1267,48,93,19,7,54,59,1,0.4604116197043252,18,62.0,4,0.5,1,0,77.5,1,-2.0056740224003318,-0.006211808628500758
1268,45,76,11,0,69,49,1,0.4527488319764432,4,43.0,3,0.35,4,4,35.7,1,-2.1161994649429037,-1.3371279637112796
1269,37,76,15,5,56,82,4,0.4302997711598264,9,56.0,3,0.66,3,1,23.0,1,-1.7051038215684862,-0.377818729228351
1270,40,263,24,24,49,109,5,0.1104786834128259,68,45.0,3,0.99,1,1,64.1,0,0.9803635334778221,1.4089466285426429
1271,59,503,31,6,86,228,7,0.1881358490230681,81,22.0,4,0.45,2,2,26.8,2,3.225212965053693,-1.5957879987472332
1272,64,551,35,3,74,212,9,0.0961812001506139,60,25.0,5,0.62,4,4,24.7,2,3.097668199893504,-2.120985443290573
1273,39,441,14,4,75,209,8,0.0099684055565883,78,42.0,5,0.47,1,5,19.4,2,2.562595197704632,-1.7265805991415613
1274,64,378,33,9,73,189,13,0.0317816335338707,99,44.0,2,0.86,5,0,11.2,2,3.7530758985364328,-1.1246073732035307
1275,48,113,4,4,39,28,4,0.2267569450237769,22,63.0,5,0.91,2,1,21.3,1,-1.6916075529706964,-1.3016130770434455
1276,45,36,3,6,37,18,4,0.7849007916686672,16,40.0,5,0.89,1,4,29.1,1,-2.8612633642092993,-1.1663282873251823
1277,60,355,34,6,81,192,8,0.0067227200366565,59,47.0,3,0.98,2,7,54.2,2,2.544730312529208,-1.4286806883194514
1278,35,86,4,1,42,11,2,0.7399000074123636,18,62.0,3,0.12,2,6,5.9,1,-3.1474749182763557,-1.5492310538502154
1279,49,104,15,7,16,25,2,0.6967210251933038,24,64.0,2,0.86,3,4,17.6,1,-2.825535239261807,-0.9287621916680822
1280,43,562,14,5,87,188,7,0.1450311455102229,76,40.0,1,0.78,2,7,64.9,2,2.7878167454290694,-1.3549373010050418
1281,53,554,28,3,94,204,13,0.0366030888469454,72,66.0,2,0.31,3,0,12.6,2,3.708961379748257,-1.4991061974072089
1282,32,236,23,14,46,145,9,0.3180422113042799,43,64.0,2,0.96,4,4,28.1,0,0.35454709857767663,0.44191958172137547
1283,51,57,11,0,48,53,1,0.5677400965171696,14,37.0,4,0.23,3,7,69.3,1,-2.473021704647145,-1.6598089259693816
1284,20,217,20,14,60,64,4,0.3656751658021669,21,35.0,4,0.71,5,4,13.2,0,-0.9361595438087261,0.7817693895134763
1285,27,45,16,2,48,80,4,0.6721820809505998,6,35.0,2,0.3,1,4,7.5,1,-2.3133234086791625,-0.7887853282882704
1286,42,178,29,7,90,122,3,0.1805455128543897,26,19.0,2,0.49,4,6,39.3,0,0.4258307439611576,-0.5249786678724281
1287,38,49,4,5,61,19,4,0.2757522696755681,15,21.0,2,0.75,4,7,24.9,1,-1.4352710308926107,-1.2099013943578123
1288,39,43,9,7,67,32,2,0.534788443269584,2,47.0,5,0.61,5,7,45.5,1,-2.4727049373044303,-0.5800595083020347
1289,39,250,27,16,72,101,6,0.4193376752897313,58,50.0,4,0.48,3,1,64.5,0,0.388924536578031,0.9909090364959282
1290,40,118,18,2,28,73,3,0.317365563826709,12,53.0,2,0.39,1,0,11.8,1,-1.8478346060363,-0.9642153589247651
1291,24,127,43,13,75,160,7,0.2249396407542054,28,35.0,3,0.86,3,6,46.9,0,0.5595725374629253,1.1633790769136312
1292,29,262,67,18,79,141,4,0.2790411761280867,25,54.0,3,0.23,2,4,40.9,0,0.5774134071026948,2.0191076100405385
1293,41,512,25,3,82,122,6,0.0337708413355372,77,36.0,5,0.49,3,4,12.4,2,2.2533684896995974,-1.423415953264935
1294,50,30,8,4,41,52,3,0.3878971968903694,6,64.0,5,0.91,4,1,50.3,1,-2.4173036655577023,-0.7948845336422502
1295,28,138,51,13,51,70,8,0.2278667329762179,20,45.0,1,0.86,1,0,22.6,0,-0.1047713052445233,1.5000571183971907
1296,38,59,13,1,13,32,2,0.7878694747127133,27,57.0,1,0.46,3,2,39.5,1,-3.2864818132017244,-0.6977112641075944
1297,56,574,34,3,70,144,8,0.1780516106035604,44,37.0,1,0.79,1,6,7.5,2,2.2874967540556246,-2.0788473272972032
1298,17,128,71,10,89,65,5,0.4038329640458528,30,66.0,5,0.84,1,1,37.3,0,-0.39452648040419974,2.457050710835651
1299,19,76,12,3,18,89,4,0.4965274683501799,3,50.0,5,0.9,2,0,25.2,1,-2.740766630901316,0.06368485968595769
1300,26,149,45,20,60,87,4,0.1402549914094133,40,29.0,5,0.59,2,6,66.0,0,0.0896731489818132,1.8014285879171177
